image_id,object_count
000000,1
000001,7
000002,2
000003,3
000004,7
000005,5
000006,6
000007,6
000008,10
000009,5
000010,13
000011,9
000012,5
000013,2
000014,3
000015,10
000016,22
000017,2
000018,20
000019,6
000020,1
000021,10
000022,3
000023,6
000024,7
000025,9
000026,2
000027,3
000028,1
000029,4
000030,2
000031,9
000032,12
000033,3
000034,6
000035,11
000036,9
000037,3
000038,13
000039,8
000040,3
000041,5
000042,6
000043,9
000044,3
000045,12
000046,7
000047,9
000048,10
000049,19
000050,5
000051,11
000052,9
000053,9
000054,1
000055,7
000056,2
000057,5
000058,1
000059,6
000060,9
000061,8
000062,6
000063,4
000064,6
000065,9
000066,5
000067,9
000068,12
000069,5
000070,1
000071,3
000072,4
000073,8
000074,5
000075,7
000076,10
000077,3
000078,6
000079,10
000080,5
000081,7
000082,3
000083,6
000084,2
000085,6
000086,8
000087,11
000088,5
000089,6
000090,1
000091,6
000092,7
000093,8
000094,1
000095,15
000096,9
000097,8
000098,8
000099,14
000100,5
000101,7
000102,3
000103,1
000104,8
000105,7
000106,7
000107,10
000108,4
000109,1
000110,12
000111,14
000112,11
000113,18
000114,14
000115,5
000116,5
000117,11
000118,7
000119,6
000120,11
000121,12
000122,4
000123,2
000124,10
000125,9
000126,4
000127,14
000128,6
000129,10
000130,1
000131,11
000132,3
000133,4
000134,17
000135,15
000136,8
000137,10
000138,7
000139,8
000140,4
000141,2
000142,14
000143,9
000144,9
000145,17
000146,18
000147,4
000148,1
000149,11
000150,6
000151,7
000152,11
000153,4
000154,10
000155,11
000156,2
000157,15
000158,1
000159,11
000160,6
000161,17
000162,9
000163,12
000164,7
000165,11
000166,6
000167,8
000168,6
000169,20
000170,3
000171,7
000172,9
000173,10
000174,5
000175,4
000176,7
000177,10
000178,9
000179,5
000180,4
000181,14
000182,5
000183,8
000184,7
000185,7
000186,10
000187,3
000188,6
000189,8
000190,5
000191,11
000192,9
000193,1
000194,3
000195,7
000196,3
000197,13
000198,3
000199,1
000200,4
000201,13
000202,1
000203,5
000204,7
000205,6
000206,4
000207,10
000208,3
000209,1
000210,9
000211,11
000212,7
000213,14
000214,10
000215,2
000216,7
000217,8
000218,12
000219,7
000220,8
000221,4
000222,8
000223,6
000224,6
000225,6
000226,11
000227,6
000228,10
000229,6
000230,6
000231,8
000232,6
000233,4
000234,13
000235,7
000236,9
000237,6
000238,7
000239,3
000240,2
000241,3
000242,5
000243,11
000244,11
000245,5
000246,9
000247,1
000248,11
000249,9
000250,4
000251,6
000252,4
000253,4
000254,11
000255,2
000256,6
000257,6
000258,5
000259,5
000260,4
000261,7
000262,9
000263,1
000264,18
000265,12
000266,14
000267,6
000268,6
000269,8
000270,7
000271,7
000272,3
000273,17
000274,16
000275,10
000276,5
000277,17
000278,2
000279,8
000280,2
000281,7
000282,4
000283,3
000284,10
000285,14
000286,13
000287,4
000288,1
000289,3
000290,1
000291,6
000292,4
000293,3
000294,1
000295,8
000296,9
000297,9
000298,1
000299,2
000300,6
000301,7
000302,4
000303,9
000304,2
000305,6
000306,7
000307,7
000308,10
000309,5
000310,12
000311,11
000312,6
000313,7
000314,7
000315,4
000316,12
000317,14
000318,7
000319,4
000320,7
000321,5
000322,3
000323,7
000324,1
000325,8
000326,5
000327,1
000328,11
000329,8
000330,10
000331,3
000332,13
000333,6
000334,3
000335,8
000336,16
000337,1
000338,9
000339,14
000340,7
000341,9
000342,9
000343,6
000344,7
000345,7
000346,12
000347,6
000348,10
000349,4
000350,12
000351,9
000352,12
000353,2
000354,10
000355,4
000356,10
000357,11
000358,6
000359,8
000360,6
000361,12
000362,14
000363,7
000364,6
000365,1
000366,10
000367,5
000368,1
000369,15
000370,9
000371,13
000372,7
000373,6
000374,7
000375,3
000376,7
000377,7
000378,4
000379,7
000380,11
000381,1
000382,9
000383,13
000384,17
000385,8
000386,9
000387,5
000388,4
000389,9
000390,2
000391,6
000392,15
000393,12
000394,9
000395,14
000396,2
000397,16
000398,1
000399,4
000400,7
000401,11
000402,7
000403,8
000404,13
000405,9
000406,2
000407,1
000408,9
000409,3
000410,8
000411,3
000412,8
000413,6
000414,1
000415,13
000416,4
000417,11
000418,5
000419,3
000420,5
000421,9
000422,9
000423,15
000424,15
000425,15
000426,7
000427,11
000428,6
000429,12
000430,6
000431,7
000432,16
000433,7
000434,1
000435,5
000436,13
000437,3
000438,6
000439,9
000440,8
000441,13
000442,12
000443,11
000444,2
000445,18
000446,3
000447,8
000448,10
000449,10
000450,4
000451,3
000452,8
000453,8
000454,5
000455,10
000456,3
000457,4
000458,5
000459,5
000460,7
000461,9
000462,13
000463,10
000464,7
000465,1
000466,4
000467,2
000468,9
000469,18
000470,17
000471,11
000472,8
000473,3
000474,5
000475,11
000476,3
000477,1
000478,5
000479,8
000480,8
000481,6
000482,4
000483,11
000484,9
000485,7
000486,10
000487,7
000488,12
000489,5
000490,15
000491,7
000492,11
000493,8
000494,8
000495,7
000496,9
000497,12
000498,1
000499,3
000500,16
000501,8
000502,12
000503,5
000504,2
000505,7
000506,8
000507,3
000508,4
000509,1
000510,8
000511,9
000512,5
000513,14
000514,7
000515,9
000516,6
000517,5
000518,15
000519,15
000520,1
000521,7
000522,10
000523,5
000524,4
000525,2
000526,2
000527,8
000528,6
000529,11
000530,6
000531,14
000532,1
000533,5
000534,2
000535,18
000536,3
000537,3
000538,6
000539,11
000540,15
000541,7
000542,6
000543,4
000544,9
000545,6
000546,1
000547,2
000548,10
000549,15
000550,4
000551,7
000552,2
000553,16
000554,17
000555,5
000556,5
000557,6
000558,10
000559,11
000560,4
000561,4
000562,8
000563,2
000564,4
000565,2
000566,4
000567,7
000568,3
000569,7
000570,2
000571,14
000572,10
000573,16
000574,4
000575,7
000576,11
000577,6
000578,9
000579,13
000580,5
000581,3
000582,5
000583,6
000584,2
000585,5
000586,14
000587,3
000588,7
000589,6
000590,20
000591,9
000592,10
000593,2
000594,6
000595,9
000596,16
000597,13
000598,1
000599,11
000600,9
000601,7
000602,5
000603,9
000604,2
000605,4
000606,4
000607,2
000608,7
000609,3
000610,5
000611,5
000612,14
000613,18
000614,10
000615,9
000616,4
000617,6
000618,4
000619,7
000620,8
000621,4
000622,5
000623,12
000624,5
000625,15
000626,7
000627,3
000628,18
000629,3
000630,7
000631,7
000632,13
000633,1
000634,7
000635,6
000636,3
000637,10
000638,12
000639,11
000640,5
000641,8
000642,7
000643,14
000644,3
000645,4
000646,1
000647,8
000648,5
000649,11
000650,7
000651,9
000652,6
000653,2
000654,2
000655,9
000656,3
000657,4
000658,5
000659,10
000660,3
000661,3
000662,2
000663,5
000664,5
000665,2
000666,12
000667,8
000668,11
000669,11
000670,3
000671,1
000672,4
000673,4
000674,12
000675,9
000676,5
000677,14
000678,2
000679,5
000680,6
000681,5
000682,3
000683,6
000684,12
000685,15
000686,7
000687,1
000688,9
000689,4
000690,2
000691,12
000692,12
000693,1
000694,11
000695,1
000696,8
000697,6
000698,5
000699,7
000700,5
000701,1
000702,6
000703,1
000704,4
000705,6
000706,6
000707,2
000708,11
000709,4
000710,3
000711,3
000712,14
000713,11
000714,12
000715,6
000716,5
000717,4
000718,14
000719,12
000720,12
000721,1
000722,9
000723,2
000724,6
000725,9
000726,1
000727,11
000728,5
000729,12
000730,2
000731,8
000732,12
000733,7
000734,11
000735,8
000736,11
000737,11
000738,3
000739,4
000740,2
000741,7
000742,10
000743,8
000744,1
000745,8
000746,1
000747,7
000748,6
000749,8
000750,5
000751,8
000752,11
000753,9
000754,11
000755,12
000756,9
000757,17
000758,6
000759,7
000760,8
000761,5
000762,7
000763,9
000764,18
000765,5
000766,3
000767,5
000768,10
000769,3
000770,13
000771,5
000772,4
000773,6
000774,2
000775,3
000776,7
000777,3
000778,8
000779,1
000780,15
000781,6
000782,10
000783,3
000784,1
000785,17
000786,2
000787,9
000788,5
000789,1
000790,5
000791,14
000792,6
000793,5
000794,6
000795,12
000796,14
000797,6
000798,13
000799,5
000800,7
000801,3
000802,12
000803,7
000804,7
000805,10
000806,3
000807,6
000808,10
000809,13
000810,1
000811,9
000812,4
000813,7
000814,16
000815,1
000816,5
000817,4
000818,3
000819,9
000820,3
000821,3
000822,4
000823,5
000824,2
000825,1
000826,9
000827,1
000828,1
000829,3
000830,8
000831,17
000832,7
000833,14
000834,1
000835,2
000836,5
000837,11
000838,3
000839,1
000840,11
000841,1
000842,4
000843,13
000844,4
000845,17
000846,14
000847,12
000848,4
000849,6
000850,8
000851,4
000852,4
000853,6
000854,7
000855,4
000856,8
000857,11
000858,4
000859,7
000860,5
000861,9
000862,2
000863,5
000864,5
000865,3
000866,5
000867,16
000868,13
000869,7
000870,12
000871,6
000872,2
000873,5
000874,19
000875,6
000876,3
000877,8
000878,7
000879,7
000880,4
000881,6
000882,9
000883,7
000884,6
000885,9
000886,8
000887,7
000888,2
000889,6
000890,8
000891,1
000892,10
000893,6
000894,4
000895,2
000896,6
000897,8
000898,8
000899,5
000900,2
000901,2
000902,9
000903,6
000904,4
000905,1
000906,8
000907,9
000908,6
000909,8
000910,13
000911,6
000912,8
000913,9
000914,5
000915,9
000916,7
000917,4
000918,8
000919,10
000920,8
000921,3
000922,9
000923,9
000924,6
000925,7
000926,3
000927,9
000928,19
000929,3
000930,6
000931,10
000932,4
000933,1
000934,2
000935,14
000936,17
000937,7
000938,8
000939,6
000940,9
000941,4
000942,10
000943,7
000944,13
000945,12
000946,6
000947,3
000948,7
000949,8
000950,2
000951,12
000952,3
000953,7
000954,2
000955,10
000956,12
000957,1
000958,6
000959,11
000960,1
000961,10
000962,8
000963,7
000964,13
000965,12
000966,20
000967,7
000968,2
000969,4
000970,12
000971,9
000972,7
000973,3
000974,7
000975,6
000976,8
000977,14
000978,2
000979,6
000980,10
000981,5
000982,12
000983,8
000984,10
000985,14
000986,12
000987,6
000988,9
000989,2
000990,6
000991,6
000992,14
000993,1
000994,8
000995,6
000996,14
000997,6
000998,9
000999,20
001000,4
001001,2
001002,6
001003,8
001004,2
001005,2
001006,2
001007,9
001008,7
001009,6
001010,14
001011,9
001012,7
001013,12
001014,2
001015,10
001016,8
001017,4
001018,1
001019,3
001020,5
001021,7
001022,6
001023,6
001024,9
001025,3
001026,3
001027,4
001028,9
001029,1
001030,4
001031,1
001032,7
001033,1
001034,7
001035,12
001036,1
001037,1
001038,13
001039,7
001040,8
001041,3
001042,6
001043,16
001044,14
001045,10
001046,13
001047,2
001048,9
001049,16
001050,19
001051,3
001052,11
001053,4
001054,13
001055,8
001056,6
001057,1
001058,7
001059,6
001060,10
001061,5
001062,14
001063,4
001064,4
001065,14
001066,1
001067,2
001068,11
001069,11
001070,14
001071,14
001072,6
001073,4
001074,2
001075,6
001076,4
001077,16
001078,10
001079,3
001080,5
001081,5
001082,14
001083,14
001084,8
001085,5
001086,10
001087,5
001088,1
001089,8
001090,2
001091,1
001092,3
001093,4
001094,6
001095,5
001096,8
001097,5
001098,4
001099,3
001100,14
001101,13
001102,12
001103,8
001104,8
001105,2
001106,12
001107,7
001108,11
001109,2
001110,5
001111,3
001112,8
001113,1
001114,5
001115,6
001116,6
001117,7
001118,7
001119,5
001120,10
001121,3
001122,4
001123,10
001124,1
001125,10
001126,2
001127,9
001128,7
001129,5
001130,3
001131,4
001132,9
001133,7
001134,7
001135,1
001136,12
001137,3
001138,12
001139,10
001140,10
001141,6
001142,16
001143,6
001144,3
001145,6
001146,5
001147,8
001148,6
001149,8
001150,8
001151,6
001152,4
001153,7
001154,5
001155,1
001156,3
001157,5
001158,8
001159,8
001160,2
001161,1
001162,10
001163,11
001164,6
001165,4
001166,3
001167,8
001168,5
001169,13
001170,7
001171,5
001172,7
001173,5
001174,1
001175,16
001176,2
001177,4
001178,4
001179,7
001180,14
001181,8
001182,7
001183,7
001184,8
001185,7
001186,2
001187,7
001188,4
001189,1
001190,8
001191,1
001192,6
001193,11
001194,3
001195,10
001196,7
001197,1
001198,9
001199,18
001200,6
001201,9
001202,1
001203,6
001204,9
001205,1
001206,9
001207,9
001208,1
001209,15
001210,2
001211,6
001212,2
001213,3
001214,5
001215,2
001216,7
001217,8
001218,4
001219,3
001220,12
001221,12
001222,11
001223,14
001224,10
001225,6
001226,7
001227,15
001228,1
001229,7
001230,15
001231,4
001232,11
001233,1
001234,3
001235,2
001236,3
001237,11
001238,7
001239,1
001240,6
001241,7
001242,3
001243,7
001244,11
001245,6
001246,12
001247,8
001248,15
001249,1
001250,7
001251,3
001252,8
001253,4
001254,12
001255,6
001256,1
001257,4
001258,2
001259,2
001260,2
001261,5
001262,17
001263,7
001264,6
001265,3
001266,6
001267,8
001268,8
001269,3
001270,9
001271,3
001272,1
001273,5
001274,10
001275,5
001276,6
001277,9
001278,6
001279,1
001280,9
001281,7
001282,2
001283,4
001284,5
001285,2
001286,6
001287,14
001288,8
001289,7
001290,11
001291,4
001292,5
001293,12
001294,9
001295,10
001296,8
001297,3
001298,2
001299,3
001300,1
001301,13
001302,2
001303,3
001304,6
001305,7
001306,12
001307,6
001308,7
001309,6
001310,6
001311,13
001312,3
001313,5
001314,2
001315,2
001316,4
001317,8
001318,5
001319,6
001320,6
001321,1
001322,9
001323,1
001324,2
001325,4
001326,7
001327,3
001328,6
001329,4
001330,7
001331,7
001332,6
001333,8
001334,10
001335,4
001336,10
001337,6
001338,3
001339,2
001340,6
001341,1
001342,2
001343,3
001344,6
001345,5
001346,7
001347,5
001348,1
001349,14
001350,4
001351,7
001352,4
001353,3
001354,10
001355,14
001356,7
001357,11
001358,7
001359,5
001360,7
001361,6
001362,3
001363,6
001364,3
001365,4
001366,16
001367,13
001368,18
001369,9
001370,16
001371,8
001372,6
001373,4
001374,1
001375,3
001376,8
001377,5
001378,9
001379,2
001380,9
001381,3
001382,2
001383,12
001384,2
001385,1
001386,2
001387,4
001388,11
001389,8
001390,5
001391,13
001392,4
001393,9
001394,1
001395,3
001396,9
001397,1
001398,7
001399,1
001400,2
001401,4
001402,6
001403,8
001404,16
001405,5
001406,1
001407,18
001408,1
001409,5
001410,15
001411,4
001412,14
001413,5
001414,7
001415,7
001416,6
001417,11
001418,5
001419,12
001420,6
001421,1
001422,11
001423,1
001424,12
001425,8
001426,21
001427,6
001428,10
001429,11
001430,5
001431,1
001432,2
001433,7
001434,5
001435,7
001436,6
001437,3
001438,9
001439,6
001440,5
001441,1
001442,6
001443,6
001444,1
001445,6
001446,10
001447,8
001448,5
001449,1
001450,5
001451,3
001452,7
001453,5
001454,7
001455,6
001456,4
001457,17
001458,10
001459,5
001460,7
001461,12
001462,3
001463,7
001464,22
001465,10
001466,9
001467,7
001468,18
001469,10
001470,9
001471,5
001472,8
001473,4
001474,6
001475,15
001476,13
001477,1
001478,3
001479,4
001480,4
001481,10
001482,5
001483,9
001484,5
001485,6
001486,5
001487,3
001488,4
001489,3
001490,7
001491,8
001492,2
001493,8
001494,12
001495,7
001496,13
001497,10
001498,7
001499,6
001500,4
001501,3
001502,3
001503,4
001504,8
001505,13
001506,8
001507,7
001508,7
001509,1
001510,8
001511,4
001512,13
001513,10
001514,11
001515,7
001516,3
001517,6
001518,5
001519,1
001520,6
001521,4
001522,17
001523,10
001524,3
001525,7
001526,3
001527,6
001528,6
001529,11
001530,11
001531,4
001532,7
001533,11
001534,4
001535,11
001536,7
001537,7
001538,7
001539,7
001540,2
001541,8
001542,6
001543,5
001544,1
001545,9
001546,4
001547,1
001548,1
001549,6
001550,9
001551,5
001552,9
001553,4
001554,2
001555,5
001556,4
001557,9
001558,6
001559,7
001560,10
001561,3
001562,6
001563,3
001564,14
001565,8
001566,3
001567,2
001568,2
001569,5
001570,7
001571,1
001572,7
001573,9
001574,1
001575,2
001576,10
001577,8
001578,5
001579,5
001580,15
001581,2
001582,7
001583,16
001584,5
001585,8
001586,6
001587,2
001588,6
001589,6
001590,8
001591,9
001592,12
001593,8
001594,6
001595,10
001596,15
001597,6
001598,2
001599,3
001600,7
001601,4
001602,10
001603,12
001604,7
001605,5
001606,8
001607,8
001608,11
001609,1
001610,12
001611,15
001612,16
001613,5
001614,11
001615,3
001616,10
001617,4
001618,13
001619,1
001620,6
001621,4
001622,6
001623,3
001624,12
001625,11
001626,3
001627,4
001628,3
001629,4
001630,10
001631,4
001632,1
001633,6
001634,13
001635,3
001636,5
001637,4
001638,13
001639,4
001640,13
001641,2
001642,3
001643,16
001644,13
001645,5
001646,9
001647,5
001648,19
001649,10
001650,2
001651,8
001652,6
001653,2
001654,1
001655,4
001656,3
001657,4
001658,6
001659,10
001660,4
001661,5
001662,7
001663,9
001664,6
001665,5
001666,5
001667,9
001668,5
001669,3
001670,6
001671,6
001672,16
001673,11
001674,18
001675,3
001676,13
001677,6
001678,4
001679,6
001680,5
001681,14
001682,9
001683,9
001684,6
001685,11
001686,5
001687,10
001688,6
001689,1
001690,17
001691,5
001692,10
001693,15
001694,3
001695,5
001696,4
001697,12
001698,2
001699,6
001700,7
001701,13
001702,3
001703,2
001704,3
001705,10
001706,4
001707,5
001708,6
001709,9
001710,8
001711,7
001712,6
001713,6
001714,14
001715,1
001716,19
001717,5
001718,10
001719,4
001720,7
001721,12
001722,4
001723,12
001724,3
001725,11
001726,4
001727,4
001728,3
001729,2
001730,2
001731,8
001732,3
001733,10
001734,10
001735,9
001736,5
001737,5
001738,6
001739,2
001740,8
001741,13
001742,8
001743,12
001744,5
001745,10
001746,9
001747,10
001748,5
001749,3
001750,10
001751,5
001752,4
001753,10
001754,5
001755,7
001756,2
001757,3
001758,1
001759,7
001760,4
001761,3
001762,5
001763,8
001764,12
001765,11
001766,9
001767,15
001768,2
001769,8
001770,11
001771,7
001772,7
001773,15
001774,6
001775,5
001776,11
001777,1
001778,8
001779,7
001780,11
001781,4
001782,1
001783,4
001784,3
001785,17
001786,5
001787,5
001788,13
001789,6
001790,5
001791,5
001792,5
001793,1
001794,15
001795,7
001796,7
001797,5
001798,2
001799,6
001800,2
001801,13
001802,3
001803,4
001804,1
001805,4
001806,14
001807,3
001808,5
001809,1
001810,2
001811,4
001812,16
001813,8
001814,5
001815,6
001816,7
001817,1
001818,8
001819,1
001820,10
001821,3
001822,8
001823,4
001824,5
001825,11
001826,3
001827,3
001828,3
001829,6
001830,2
001831,5
001832,2
001833,6
001834,3
001835,1
001836,9
001837,13
001838,10
001839,12
001840,16
001841,8
001842,7
001843,11
001844,6
001845,9
001846,1
001847,5
001848,8
001849,7
001850,11
001851,4
001852,10
001853,3
001854,4
001855,13
001856,7
001857,6
001858,9
001859,10
001860,10
001861,3
001862,7
001863,6
001864,1
001865,3
001866,5
001867,7
001868,11
001869,3
001870,9
001871,1
001872,8
001873,4
001874,10
001875,4
001876,6
001877,8
001878,9
001879,3
001880,4
001881,4
001882,6
001883,9
001884,4
001885,8
001886,5
001887,4
001888,6
001889,4
001890,4
001891,15
001892,4
001893,11
001894,2
001895,12
001896,8
001897,9
001898,9
001899,1
001900,2
001901,5
001902,1
001903,4
001904,6
001905,2
001906,3
001907,8
001908,16
001909,11
001910,9
001911,2
001912,7
001913,4
001914,7
001915,4
001916,13
001917,8
001918,5
001919,10
001920,4
001921,13
001922,7
001923,1
001924,5
001925,5
001926,12
001927,2
001928,10
001929,12
001930,4
001931,7
001932,5
001933,4
001934,4
001935,4
001936,2
001937,11
001938,6
001939,11
001940,18
001941,13
001942,6
001943,4
001944,4
001945,6
001946,2
001947,9
001948,9
001949,4
001950,5
001951,10
001952,3
001953,3
001954,10
001955,17
001956,7
001957,2
001958,11
001959,13
001960,5
001961,2
001962,8
001963,10
001964,12
001965,7
001966,9
001967,8
001968,4
001969,9
001970,1
001971,7
001972,6
001973,6
001974,6
001975,2
001976,5
001977,6
001978,6
001979,7
001980,4
001981,8
001982,1
001983,1
001984,1
001985,3
001986,7
001987,9
001988,15
001989,5
001990,7
001991,9
001992,12
001993,4
001994,1
001995,2
001996,4
001997,6
001998,8
001999,21
002000,8
002001,2
002002,8
002003,13
002004,4
002005,11
002006,8
002007,8
002008,6
002009,4
002010,3
002011,4
002012,16
002013,1
002014,8
002015,10
002016,6
002017,5
002018,10
002019,2
002020,11
002021,6
002022,3
002023,1
002024,13
002025,5
002026,3
002027,6
002028,8
002029,8
002030,1
002031,5
002032,7
002033,4
002034,4
002035,12
002036,3
002037,6
002038,6
002039,5
002040,8
002041,8
002042,11
002043,6
002044,15
002045,7
002046,5
002047,5
002048,6
002049,6
002050,21
002051,6
002052,6
002053,2
002054,6
002055,1
002056,5
002057,7
002058,1
002059,1
002060,10
002061,2
002062,6
002063,14
002064,3
002065,8
002066,1
002067,15
002068,8
002069,3
002070,8
002071,10
002072,5
002073,7
002074,6
002075,2
002076,12
002077,12
002078,4
002079,6
002080,8
002081,6
002082,10
002083,6
002084,11
002085,10
002086,10
002087,4
002088,12
002089,3
002090,3
002091,4
002092,11
002093,6
002094,5
002095,17
002096,13
002097,8
002098,6
002099,4
002100,2
002101,8
002102,10
002103,7
002104,6
002105,14
002106,16
002107,14
002108,1
002109,3
002110,14
002111,5
002112,9
002113,7
002114,5
002115,8
002116,2
002117,1
002118,4
002119,9
002120,3
002121,3
002122,4
002123,7
002124,9
002125,5
002126,15
002127,3
002128,7
002129,13
002130,7
002131,7
002132,6
002133,9
002134,15
002135,17
002136,7
002137,5
002138,5
002139,10
002140,7
002141,2
002142,13
002143,4
002144,1
002145,6
002146,4
002147,17
002148,2
002149,10
002150,13
002151,7
002152,12
002153,11
002154,2
002155,17
002156,16
002157,11
002158,8
002159,1
002160,10
002161,11
002162,3
002163,5
002164,5
002165,4
002166,4
002167,9
002168,10
002169,10
002170,7
002171,15
002172,11
002173,10
002174,3
002175,20
002176,10
002177,11
002178,1
002179,1
002180,9
002181,15
002182,9
002183,7
002184,8
002185,8
002186,3
002187,13
002188,4
002189,9
002190,2
002191,5
002192,1
002193,6
002194,16
002195,5
002196,2
002197,2
002198,7
002199,9
002200,10
002201,7
002202,5
002203,4
002204,1
002205,15
002206,10
002207,3
002208,5
002209,11
002210,9
002211,6
002212,16
002213,3
002214,6
002215,4
002216,12
002217,7
002218,6
002219,10
002220,3
002221,8
002222,2
002223,9
002224,4
002225,11
002226,1
002227,10
002228,8
002229,7
002230,12
002231,3
002232,8
002233,6
002234,8
002235,5
002236,3
002237,6
002238,2
002239,6
002240,7
002241,9
002242,1
002243,7
002244,1
002245,12
002246,4
002247,1
002248,7
002249,1
002250,5
002251,1
002252,2
002253,10
002254,14
002255,5
002256,5
002257,17
002258,7
002259,7
002260,7
002261,4
002262,10
002263,13
002264,9
002265,4
002266,10
002267,1
002268,11
002269,4
002270,7
002271,1
002272,9
002273,7
002274,6
002275,11
002276,4
002277,6
002278,4
002279,8
002280,7
002281,17
002282,11
002283,10
002284,6
002285,9
002286,7
002287,1
002288,10
002289,11
002290,9
002291,3
002292,9
002293,12
002294,7
002295,15
002296,7
002297,6
002298,6
002299,1
002300,5
002301,6
002302,6
002303,10
002304,6
002305,11
002306,7
002307,9
002308,11
002309,6
002310,1
002311,8
002312,4
002313,11
002314,12
002315,13
002316,3
002317,19
002318,14
002319,4
002320,3
002321,6
002322,17
002323,6
002324,1
002325,4
002326,10
002327,5
002328,8
002329,3
002330,5
002331,15
002332,10
002333,12
002334,1
002335,8
002336,5
002337,4
002338,9
002339,13
002340,10
002341,12
002342,2
002343,2
002344,13
002345,11
002346,6
002347,3
002348,4
002349,16
002350,5
002351,7
002352,9
002353,5
002354,5
002355,5
002356,6
002357,13
002358,7
002359,5
002360,1
002361,6
002362,12
002363,2
002364,7
002365,3
002366,7
002367,13
002368,3
002369,8
002370,5
002371,12
002372,7
002373,5
002374,2
002375,15
002376,6
002377,7
002378,11
002379,10
002380,12
002381,9
002382,4
002383,6
002384,8
002385,12
002386,11
002387,7
002388,9
002389,12
002390,9
002391,6
002392,9
002393,10
002394,7
002395,11
002396,2
002397,7
002398,11
002399,17
002400,10
002401,2
002402,2
002403,2
002404,10
002405,12
002406,7
002407,9
002408,1
002409,13
002410,4
002411,2
002412,4
002413,12
002414,13
002415,6
002416,10
002417,1
002418,9
002419,10
002420,5
002421,4
002422,7
002423,6
002424,3
002425,5
002426,3
002427,8
002428,5
002429,1
002430,2
002431,2
002432,6
002433,10
002434,4
002435,13
002436,7
002437,5
002438,4
002439,5
002440,12
002441,15
002442,4
002443,8
002444,10
002445,3
002446,10
002447,2
002448,7
002449,15
002450,12
002451,4
002452,16
002453,4
002454,13
002455,9
002456,1
002457,2
002458,4
002459,17
002460,5
002461,9
002462,7
002463,3
002464,5
002465,14
002466,7
002467,2
002468,12
002469,1
002470,5
002471,18
002472,6
002473,10
002474,12
002475,2
002476,12
002477,15
002478,1
002479,8
002480,5
002481,9
002482,2
002483,5
002484,7
002485,1
002486,10
002487,22
002488,5
002489,6
002490,10
002491,2
002492,5
002493,1
002494,9
002495,10
002496,10
002497,9
002498,2
002499,3
002500,1
002501,10
002502,3
002503,9
002504,3
002505,6
002506,2
002507,1
002508,16
002509,5
002510,15
002511,5
002512,3
002513,5
002514,4
002515,2
002516,3
002517,14
002518,1
002519,7
002520,9
002521,5
002522,4
002523,6
002524,4
002525,5
002526,10
002527,15
002528,2
002529,1
002530,3
002531,10
002532,7
002533,10
002534,4
002535,12
002536,10
002537,5
002538,4
002539,4
002540,12
002541,7
002542,5
002543,6
002544,9
002545,2
002546,11
002547,11
002548,10
002549,12
002550,2
002551,6
002552,7
002553,5
002554,1
002555,6
002556,7
002557,10
002558,14
002559,9
002560,3
002561,7
002562,2
002563,4
002564,4
002565,14
002566,5
002567,8
002568,6
002569,11
002570,5
002571,11
002572,7
002573,7
002574,8
002575,8
002576,5
002577,6
002578,4
002579,10
002580,8
002581,3
002582,2
002583,13
002584,6
002585,3
002586,7
002587,5
002588,14
002589,5
002590,2
002591,2
002592,7
002593,4
002594,9
002595,10
002596,8
002597,6
002598,12
002599,8
002600,4
002601,13
002602,2
002603,5
002604,9
002605,7
002606,6
002607,5
002608,2
002609,12
002610,2
002611,10
002612,8
002613,8
002614,11
002615,21
002616,8
002617,1
002618,1
002619,6
002620,3
002621,4
002622,8
002623,7
002624,3
002625,6
002626,13
002627,16
002628,3
002629,15
002630,7
002631,8
002632,14
002633,5
002634,9
002635,9
002636,3
002637,9
002638,13
002639,7
002640,14
002641,8
002642,1
002643,1
002644,8
002645,9
002646,6
002647,4
002648,4
002649,5
002650,6
002651,1
002652,13
002653,3
002654,7
002655,3
002656,5
002657,3
002658,7
002659,1
002660,4
002661,6
002662,17
002663,18
002664,4
002665,2
002666,22
002667,9
002668,6
002669,2
002670,6
002671,1
002672,6
002673,6
002674,11
002675,4
002676,4
002677,7
002678,16
002679,6
002680,1
002681,11
002682,8
002683,16
002684,3
002685,10
002686,3
002687,11
002688,15
002689,1
002690,9
002691,18
002692,7
002693,1
002694,13
002695,2
002696,5
002697,12
002698,8
002699,8
002700,3
002701,4
002702,6
002703,3
002704,12
002705,11
002706,6
002707,21
002708,12
002709,4
002710,6
002711,13
002712,9
002713,6
002714,6
002715,9
002716,15
002717,4
002718,1
002719,5
002720,3
002721,10
002722,4
002723,5
002724,8
002725,14
002726,6
002727,8
002728,4
002729,5
002730,11
002731,14
002732,3
002733,8
002734,15
002735,1
002736,1
002737,14
002738,8
002739,1
002740,4
002741,4
002742,19
002743,12
002744,8
002745,9
002746,10
002747,10
002748,11
002749,4
002750,6
002751,5
002752,10
002753,13
002754,8
002755,5
002756,7
002757,1
002758,5
002759,2
002760,6
002761,2
002762,11
002763,1
002764,3
002765,7
002766,3
002767,1
002768,3
002769,1
002770,4
002771,6
002772,5
002773,8
002774,8
002775,14
002776,2
002777,5
002778,8
002779,9
002780,9
002781,4
002782,10
002783,4
002784,1
002785,10
002786,8
002787,7
002788,8
002789,6
002790,13
002791,7
002792,9
002793,11
002794,9
002795,4
002796,7
002797,4
002798,8
002799,1
002800,7
002801,4
002802,5
002803,7
002804,3
002805,5
002806,6
002807,13
002808,4
002809,6
002810,2
002811,1
002812,12
002813,6
002814,4
002815,16
002816,10
002817,13
002818,12
002819,7
002820,3
002821,8
002822,15
002823,6
002824,6
002825,9
002826,11
002827,5
002828,5
002829,5
002830,1
002831,7
002832,15
002833,6
002834,9
002835,1
002836,7
002837,3
002838,6
002839,9
002840,9
002841,13
002842,3
002843,7
002844,4
002845,7
002846,10
002847,12
002848,10
002849,4
002850,4
002851,8
002852,2
002853,11
002854,5
002855,7
002856,5
002857,1
002858,6
002859,12
002860,2
002861,5
002862,2
002863,3
002864,10
002865,6
002866,9
002867,14
002868,1
002869,5
002870,8
002871,8
002872,14
002873,15
002874,14
002875,1
002876,4
002877,2
002878,6
002879,8
002880,4
002881,1
002882,2
002883,9
002884,2
002885,8
002886,5
002887,6
002888,1
002889,7
002890,8
002891,4
002892,13
002893,5
002894,4
002895,10
002896,8
002897,13
002898,1
002899,11
002900,4
002901,6
002902,6
002903,2
002904,12
002905,6
002906,1
002907,5
002908,5
002909,2
002910,5
002911,9
002912,19
002913,5
002914,9
002915,9
002916,4
002917,9
002918,7
002919,4
002920,15
002921,2
002922,5
002923,9
002924,7
002925,7
002926,11
002927,1
002928,6
002929,10
002930,6
002931,2
002932,1
002933,11
002934,10
002935,11
002936,3
002937,7
002938,3
002939,6
002940,10
002941,2
002942,5
002943,6
002944,15
002945,5
002946,8
002947,13
002948,7
002949,7
002950,5
002951,5
002952,1
002953,9
002954,5
002955,3
002956,1
002957,6
002958,1
002959,9
002960,10
002961,8
002962,7
002963,10
002964,14
002965,6
002966,15
002967,8
002968,6
002969,3
002970,6
002971,4
002972,18
002973,11
002974,9
002975,8
002976,12
002977,5
002978,14
002979,20
002980,9
002981,4
002982,5
002983,9
002984,10
002985,9
002986,13
002987,9
002988,5
002989,13
002990,6
002991,6
002992,7
002993,6
002994,1
002995,2
002996,9
002997,4
002998,5
002999,8
003000,6
003001,11
003002,12
003003,4
003004,18
003005,7
003006,5
003007,4
003008,9
003009,17
003010,4
003011,4
003012,4
003013,11
003014,11
003015,13
003016,5
003017,10
003018,9
003019,9
003020,9
003021,12
003022,8
003023,4
003024,1
003025,3
003026,5
003027,6
003028,4
003029,3
003030,11
003031,4
003032,5
003033,10
003034,10
003035,4
003036,5
003037,8
003038,3
003039,11
003040,7
003041,17
003042,8
003043,9
003044,4
003045,3
003046,8
003047,17
003048,9
003049,6
003050,11
003051,14
003052,4
003053,8
003054,8
003055,10
003056,9
003057,9
003058,8
003059,2
003060,3
003061,8
003062,6
003063,3
003064,14
003065,7
003066,5
003067,5
003068,4
003069,2
003070,2
003071,5
003072,20
003073,6
003074,5
003075,3
003076,2
003077,3
003078,16
003079,3
003080,5
003081,3
003082,3
003083,4
003084,10
003085,1
003086,8
003087,9
003088,4
003089,4
003090,1
003091,8
003092,14
003093,16
003094,10
003095,15
003096,4
003097,16
003098,5
003099,5
003100,2
003101,7
003102,3
003103,9
003104,7
003105,6
003106,11
003107,13
003108,5
003109,3
003110,3
003111,5
003112,4
003113,15
003114,17
003115,9
003116,9
003117,2
003118,15
003119,4
003120,20
003121,1
003122,1
003123,4
003124,10
003125,2
003126,4
003127,5
003128,4
003129,7
003130,1
003131,15
003132,17
003133,5
003134,1
003135,9
003136,8
003137,3
003138,9
003139,7
003140,5
003141,10
003142,8
003143,7
003144,2
003145,1
003146,10
003147,16
003148,7
003149,5
003150,6
003151,8
003152,1
003153,3
003154,4
003155,4
003156,10
003157,5
003158,3
003159,12
003160,11
003161,3
003162,1
003163,15
003164,1
003165,4
003166,2
003167,9
003168,3
003169,13
003170,6
003171,2
003172,9
003173,6
003174,1
003175,3
003176,9
003177,1
003178,6
003179,8
003180,4
003181,7
003182,4
003183,5
003184,4
003185,1
003186,2
003187,7
003188,1
003189,2
003190,5
003191,3
003192,9
003193,1
003194,12
003195,8
003196,3
003197,16
003198,4
003199,18
003200,6
003201,5
003202,3
003203,13
003204,2
003205,2
003206,12
003207,5
003208,9
003209,13
003210,4
003211,10
003212,4
003213,8
003214,11
003215,5
003216,11
003217,4
003218,7
003219,22
003220,2
003221,1
003222,9
003223,2
003224,15
003225,7
003226,6
003227,8
003228,7
003229,15
003230,6
003231,9
003232,12
003233,10
003234,8
003235,7
003236,11
003237,16
003238,8
003239,5
003240,12
003241,6
003242,1
003243,2
003244,9
003245,8
003246,9
003247,1
003248,1
003249,10
003250,7
003251,4
003252,7
003253,6
003254,7
003255,6
003256,5
003257,6
003258,6
003259,4
003260,13
003261,6
003262,7
003263,3
003264,6
003265,5
003266,1
003267,13
003268,7
003269,1
003270,4
003271,4
003272,4
003273,8
003274,13
003275,7
003276,4
003277,1
003278,6
003279,3
003280,9
003281,5
003282,6
003283,11
003284,7
003285,5
003286,9
003287,4
003288,13
003289,12
003290,4
003291,7
003292,2
003293,6
003294,17
003295,1
003296,11
003297,2
003298,12
003299,13
003300,8
003301,16
003302,6
003303,6
003304,15
003305,4
003306,9
003307,1
003308,7
003309,20
003310,14
003311,13
003312,7
003313,8
003314,7
003315,1
003316,2
003317,12
003318,4
003319,4
003320,6
003321,1
003322,5
003323,11
003324,3
003325,7
003326,3
003327,3
003328,7
003329,10
003330,1
003331,1
003332,4
003333,1
003334,11
003335,12
003336,9
003337,9
003338,11
003339,1
003340,6
003341,12
003342,5
003343,7
003344,14
003345,7
003346,7
003347,9
003348,2
003349,1
003350,4
003351,4
003352,6
003353,12
003354,2
003355,8
003356,19
003357,8
003358,6
003359,8
003360,7
003361,8
003362,5
003363,6
003364,6
003365,5
003366,5
003367,11
003368,7
003369,9
003370,7
003371,9
003372,3
003373,4
003374,7
003375,12
003376,1
003377,8
003378,11
003379,11
003380,9
003381,12
003382,7
003383,2
003384,2
003385,3
003386,10
003387,5
003388,9
003389,2
003390,13
003391,11
003392,9
003393,9
003394,10
003395,7
003396,8
003397,4
003398,19
003399,4
003400,2
003401,4
003402,8
003403,7
003404,8
003405,8
003406,2
003407,10
003408,6
003409,17
003410,7
003411,1
003412,7
003413,2
003414,4
003415,4
003416,7
003417,8
003418,6
003419,5
003420,1
003421,1
003422,7
003423,5
003424,5
003425,3
003426,8
003427,2
003428,5
003429,6
003430,6
003431,2
003432,5
003433,2
003434,10
003435,1
003436,15
003437,10
003438,9
003439,3
003440,14
003441,11
003442,14
003443,9
003444,18
003445,2
003446,1
003447,4
003448,1
003449,1
003450,6
003451,2
003452,2
003453,6
003454,14
003455,8
003456,3
003457,6
003458,7
003459,18
003460,4
003461,5
003462,7
003463,4
003464,19
003465,7
003466,7
003467,3
003468,3
003469,5
003470,8
003471,8
003472,17
003473,14
003474,12
003475,2
003476,1
003477,7
003478,10
003479,7
003480,11
003481,1
003482,5
003483,7
003484,7
003485,4
003486,6
003487,12
003488,11
003489,12
003490,8
003491,1
003492,6
003493,8
003494,13
003495,5
003496,4
003497,7
003498,10
003499,7
003500,14
003501,6
003502,22
003503,6
003504,3
003505,6
003506,5
003507,14
003508,14
003509,4
003510,11
003511,5
003512,15
003513,11
003514,14
003515,5
003516,3
003517,5
003518,6
003519,5
003520,5
003521,9
003522,2
003523,6
003524,4
003525,10
003526,13
003527,8
003528,9
003529,10
003530,5
003531,15
003532,3
003533,5
003534,8
003535,6
003536,3
003537,15
003538,7
003539,7
003540,6
003541,12
003542,3
003543,6
003544,20
003545,10
003546,4
003547,6
003548,9
003549,8
003550,7
003551,8
003552,5
003553,7
003554,18
003555,16
003556,10
003557,3
003558,4
003559,3
003560,9
003561,7
003562,5
003563,11
003564,12
003565,10
003566,9
003567,8
003568,10
003569,7
003570,6
003571,1
003572,5
003573,3
003574,15
003575,4
003576,1
003577,17
003578,2
003579,6
003580,4
003581,4
003582,1
003583,6
003584,4
003585,12
003586,13
003587,1
003588,6
003589,12
003590,6
003591,1
003592,6
003593,6
003594,2
003595,5
003596,2
003597,8
003598,8
003599,14
003600,7
003601,6
003602,10
003603,11
003604,2
003605,15
003606,9
003607,3
003608,9
003609,12
003610,2
003611,4
003612,6
003613,4
003614,4
003615,4
003616,4
003617,1
003618,10
003619,5
003620,12
003621,15
003622,13
003623,3
003624,5
003625,10
003626,6
003627,5
003628,7
003629,5
003630,5
003631,3
003632,9
003633,14
003634,3
003635,2
003636,2
003637,4
003638,8
003639,9
003640,5
003641,13
003642,20
003643,5
003644,7
003645,7
003646,17
003647,7
003648,16
003649,3
003650,7
003651,8
003652,11
003653,13
003654,2
003655,4
003656,9
003657,14
003658,7
003659,10
003660,3
003661,13
003662,8
003663,13
003664,10
003665,2
003666,12
003667,7
003668,8
003669,6
003670,1
003671,3
003672,5
003673,3
003674,10
003675,1
003676,13
003677,11
003678,6
003679,6
003680,2
003681,11
003682,4
003683,14
003684,11
003685,4
003686,11
003687,10
003688,10
003689,4
003690,16
003691,11
003692,10
003693,2
003694,1
003695,14
003696,4
003697,8
003698,6
003699,4
003700,1
003701,8
003702,5
003703,1
003704,19
003705,5
003706,13
003707,2
003708,12
003709,10
003710,5
003711,3
003712,3
003713,9
003714,2
003715,7
003716,6
003717,9
003718,21
003719,9
003720,6
003721,5
003722,8
003723,6
003724,2
003725,11
003726,6
003727,2
003728,10
003729,3
003730,11
003731,6
003732,6
003733,3
003734,8
003735,10
003736,9
003737,1
003738,4
003739,6
003740,8
003741,4
003742,6
003743,5
003744,13
003745,7
003746,10
003747,5
003748,7
003749,14
003750,5
003751,5
003752,2
003753,18
003754,2
003755,10
003756,5
003757,6
003758,19
003759,9
003760,7
003761,8
003762,3
003763,8
003764,5
003765,17
003766,11
003767,7
003768,1
003769,3
003770,1
003771,3
003772,13
003773,4
003774,2
003775,10
003776,5
003777,3
003778,10
003779,11
003780,6
003781,10
003782,10
003783,3
003784,7
003785,12
003786,1
003787,1
003788,4
003789,1
003790,12
003791,2
003792,11
003793,7
003794,6
003795,2
003796,11
003797,1
003798,2
003799,5
003800,10
003801,15
003802,10
003803,8
003804,14
003805,14
003806,13
003807,10
003808,8
003809,5
003810,9
003811,9
003812,10
003813,16
003814,4
003815,2
003816,8
003817,2
003818,7
003819,1
003820,5
003821,3
003822,13
003823,1
003824,7
003825,3
003826,12
003827,6
003828,3
003829,6
003830,12
003831,13
003832,6
003833,9
003834,5
003835,2
003836,13
003837,4
003838,1
003839,9
003840,12
003841,4
003842,8
003843,4
003844,8
003845,8
003846,7
003847,7
003848,8
003849,1
003850,6
003851,5
003852,10
003853,5
003854,6
003855,13
003856,6
003857,13
003858,1
003859,6
003860,7
003861,7
003862,6
003863,14
003864,12
003865,7
003866,8
003867,2
003868,7
003869,5
003870,13
003871,5
003872,11
003873,8
003874,5
003875,4
003876,11
003877,6
003878,8
003879,7
003880,8
003881,6
003882,8
003883,5
003884,9
003885,9
003886,5
003887,11
003888,1
003889,3
003890,9
003891,11
003892,4
003893,3
003894,9
003895,2
003896,8
003897,5
003898,7
003899,5
003900,8
003901,11
003902,11
003903,13
003904,10
003905,1
003906,5
003907,3
003908,10
003909,7
003910,9
003911,10
003912,11
003913,2
003914,6
003915,11
003916,5
003917,15
003918,4
003919,4
003920,5
003921,8
003922,1
003923,10
003924,13
003925,7
003926,2
003927,1
003928,3
003929,12
003930,12
003931,10
003932,7
003933,10
003934,6
003935,8
003936,6
003937,7
003938,10
003939,9
003940,2
003941,11
003942,3
003943,7
003944,8
003945,6
003946,6
003947,1
003948,4
003949,6
003950,4
003951,9
003952,7
003953,6
003954,1
003955,6
003956,3
003957,2
003958,11
003959,15
003960,5
003961,6
003962,3
003963,6
003964,8
003965,6
003966,3
003967,1
003968,7
003969,2
003970,3
003971,11
003972,4
003973,14
003974,1
003975,10
003976,6
003977,9
003978,3
003979,10
003980,12
003981,1
003982,15
003983,9
003984,11
003985,5
003986,11
003987,2
003988,2
003989,1
003990,8
003991,14
003992,6
003993,16
003994,6
003995,7
003996,6
003997,3
003998,4
003999,8
004000,6
004001,4
004002,9
004003,4
004004,9
004005,2
004006,15
004007,13
004008,2
004009,7
004010,10
004011,7
004012,1
004013,4
004014,13
004015,5
004016,7
004017,8
004018,8
004019,8
004020,4
004021,1
004022,5
004023,7
004024,6
004025,5
004026,2
004027,8
004028,11
004029,14
004030,8
004031,9
004032,12
004033,3
004034,5
004035,16
004036,6
004037,4
004038,7
004039,11
004040,3
004041,7
004042,7
004043,2
004044,5
004045,16
004046,6
004047,5
004048,5
004049,1
004050,4
004051,14
004052,17
004053,1
004054,10
004055,11
004056,6
004057,10
004058,7
004059,2
004060,2
004061,6
004062,9
004063,13
004064,7
004065,17
004066,12
004067,10
004068,8
004069,6
004070,7
004071,14
004072,3
004073,1
004074,11
004075,2
004076,5
004077,4
004078,9
004079,1
004080,2
004081,9
004082,10
004083,8
004084,7
004085,5
004086,17
004087,2
004088,6
004089,3
004090,11
004091,5
004092,10
004093,1
004094,7
004095,13
004096,8
004097,4
004098,9
004099,8
004100,12
004101,8
004102,5
004103,1
004104,5
004105,8
004106,3
004107,5
004108,7
004109,6
004110,2
004111,2
004112,4
004113,3
004114,9
004115,6
004116,1
004117,4
004118,9
004119,7
004120,10
004121,6
004122,8
004123,5
004124,9
004125,1
004126,8
004127,17
004128,6
004129,7
004130,5
004131,7
004132,8
004133,3
004134,3
004135,6
004136,1
004137,11
004138,10
004139,24
004140,5
004141,7
004142,16
004143,3
004144,7
004145,8
004146,8
004147,2
004148,10
004149,6
004150,7
004151,1
004152,4
004153,4
004154,10
004155,12
004156,11
004157,5
004158,8
004159,2
004160,8
004161,6
004162,7
004163,12
004164,10
004165,1
004166,12
004167,5
004168,3
004169,12
004170,17
004171,6
004172,4
004173,7
004174,7
004175,8
004176,3
004177,6
004178,3
004179,12
004180,6
004181,9
004182,6
004183,3
004184,10
004185,7
004186,13
004187,6
004188,10
004189,2
004190,7
004191,4
004192,1
004193,14
004194,11
004195,5
004196,13
004197,6
004198,7
004199,5
004200,7
004201,1
004202,3
004203,2
004204,1
004205,6
004206,7
004207,10
004208,2
004209,6
004210,7
004211,2
004212,6
004213,11
004214,10
004215,14
004216,14
004217,8
004218,13
004219,1
004220,7
004221,9
004222,5
004223,3
004224,2
004225,3
004226,9
004227,1
004228,8
004229,12
004230,2
004231,3
004232,11
004233,4
004234,11
004235,12
004236,9
004237,1
004238,12
004239,4
004240,5
004241,7
004242,5
004243,13
004244,5
004245,11
004246,12
004247,1
004248,7
004249,8
004250,6
004251,5
004252,1
004253,5
004254,10
004255,6
004256,7
004257,11
004258,1
004259,14
004260,7
004261,12
004262,8
004263,16
004264,4
004265,11
004266,3
004267,9
004268,12
004269,15
004270,10
004271,5
004272,8
004273,4
004274,7
004275,10
004276,5
004277,7
004278,2
004279,1
004280,5
004281,8
004282,7
004283,17
004284,7
004285,8
004286,7
004287,9
004288,15
004289,13
004290,11
004291,7
004292,11
004293,5
004294,11
004295,9
004296,6
004297,12
004298,4
004299,3
004300,12
004301,11
004302,2
004303,6
004304,11
004305,4
004306,9
004307,8
004308,1
004309,3
004310,7
004311,8
004312,15
004313,7
004314,6
004315,3
004316,2
004317,12
004318,7
004319,6
004320,5
004321,11
004322,14
004323,1
004324,10
004325,3
004326,16
004327,9
004328,13
004329,6
004330,7
004331,14
004332,7
004333,12
004334,2
004335,8
004336,8
004337,6
004338,16
004339,4
004340,4
004341,8
004342,3
004343,7
004344,8
004345,2
004346,2
004347,5
004348,6
004349,6
004350,8
004351,11
004352,11
004353,6
004354,1
004355,10
004356,2
004357,1
004358,7
004359,6
004360,18
004361,1
004362,12
004363,10
004364,6
004365,2
004366,11
004367,3
004368,9
004369,13
004370,12
004371,11
004372,8
004373,2
004374,9
004375,6
004376,8
004377,8
004378,11
004379,14
004380,2
004381,8
004382,6
004383,6
004384,13
004385,5
004386,5
004387,12
004388,11
004389,9
004390,6
004391,14
004392,13
004393,2
004394,1
004395,3
004396,7
004397,6
004398,2
004399,1
004400,2
004401,12
004402,7
004403,4
004404,6
004405,4
004406,15
004407,6
004408,4
004409,11
004410,12
004411,16
004412,5
004413,4
004414,9
004415,5
004416,2
004417,17
004418,6
004419,7
004420,6
004421,7
004422,4
004423,4
004424,8
004425,7
004426,11
004427,3
004428,4
004429,3
004430,5
004431,9
004432,6
004433,10
004434,6
004435,9
004436,4
004437,1
004438,3
004439,4
004440,10
004441,2
004442,7
004443,10
004444,6
004445,2
004446,3
004447,12
004448,1
004449,1
004450,6
004451,4
004452,9
004453,2
004454,3
004455,7
004456,4
004457,3
004458,5
004459,7
004460,5
004461,5
004462,12
004463,5
004464,3
004465,3
004466,7
004467,5
004468,9
004469,1
004470,1
004471,7
004472,7
004473,6
004474,13
004475,9
004476,9
004477,7
004478,10
004479,13
004480,8
004481,9
004482,1
004483,6
004484,7
004485,5
004486,6
004487,7
004488,7
004489,2
004490,5
004491,6
004492,17
004493,13
004494,4
004495,1
004496,13
004497,6
004498,3
004499,11
004500,15
004501,6
004502,1
004503,7
004504,6
004505,2
004506,5
004507,4
004508,1
004509,1
004510,8
004511,10
004512,10
004513,13
004514,1
004515,8
004516,13
004517,9
004518,9
004519,13
004520,13
004521,1
004522,2
004523,1
004524,5
004525,8
004526,6
004527,16
004528,13
004529,3
004530,7
004531,2
004532,11
004533,14
004534,11
004535,1
004536,12
004537,12
004538,2
004539,2
004540,7
004541,12
004542,8
004543,1
004544,5
004545,4
004546,1
004547,6
004548,8
004549,13
004550,4
004551,9
004552,5
004553,10
004554,9
004555,9
004556,7
004557,6
004558,10
004559,2
004560,15
004561,9
004562,9
004563,9
004564,1
004565,7
004566,1
004567,10
004568,3
004569,9
004570,3
004571,6
004572,11
004573,6
004574,6
004575,3
004576,8
004577,5
004578,11
004579,4
004580,1
004581,4
004582,3
004583,12
004584,7
004585,5
004586,4
004587,10
004588,7
004589,1
004590,5
004591,3
004592,4
004593,8
004594,1
004595,1
004596,6
004597,2
004598,8
004599,6
004600,2
004601,10
004602,8
004603,12
004604,14
004605,1
004606,7
004607,6
004608,2
004609,8
004610,13
004611,7
004612,4
004613,4
004614,12
004615,4
004616,11
004617,10
004618,3
004619,9
004620,6
004621,13
004622,9
004623,2
004624,8
004625,4
004626,4
004627,2
004628,1
004629,5
004630,7
004631,14
004632,7
004633,15
004634,2
004635,9
004636,10
004637,10
004638,5
004639,9
004640,12
004641,6
004642,5
004643,11
004644,6
004645,4
004646,1
004647,9
004648,8
004649,7
004650,4
004651,5
004652,10
004653,11
004654,5
004655,1
004656,1
004657,6
004658,7
004659,9
004660,4
004661,8
004662,5
004663,10
004664,9
004665,10
004666,11
004667,4
004668,14
004669,5
004670,5
004671,5
004672,7
004673,9
004674,1
004675,4
004676,5
004677,8
004678,1
004679,1
004680,4
004681,5
004682,10
004683,3
004684,14
004685,11
004686,14
004687,4
004688,4
004689,10
004690,6
004691,12
004692,8
004693,7
004694,5
004695,2
004696,1
004697,5
004698,7
004699,6
004700,9
004701,14
004702,6
004703,5
004704,19
004705,6
004706,4
004707,15
004708,12
004709,1
004710,8
004711,9
004712,9
004713,14
004714,7
004715,9
004716,13
004717,5
004718,6
004719,7
004720,10
004721,7
004722,8
004723,1
004724,1
004725,8
004726,6
004727,2
004728,5
004729,11
004730,13
004731,1
004732,4
004733,1
004734,6
004735,15
004736,9
004737,4
004738,5
004739,11
004740,14
004741,2
004742,8
004743,12
004744,7
004745,6
004746,6
004747,20
004748,11
004749,9
004750,5
004751,5
004752,10
004753,7
004754,6
004755,8
004756,7
004757,6
004758,11
004759,2
004760,2
004761,1
004762,1
004763,5
004764,13
004765,3
004766,14
004767,6
004768,2
004769,11
004770,11
004771,5
004772,11
004773,2
004774,8
004775,8
004776,7
004777,6
004778,10
004779,10
004780,1
004781,10
004782,6
004783,2
004784,3
004785,3
004786,11
004787,19
004788,14
004789,5
004790,9
004791,3
004792,5
004793,13
004794,4
004795,2
004796,8
004797,1
004798,8
004799,5
004800,19
004801,7
004802,9
004803,5
004804,15
004805,2
004806,6
004807,2
004808,7
004809,9
004810,9
004811,9
004812,3
004813,5
004814,10
004815,1
004816,6
004817,7
004818,13
004819,9
004820,4
004821,10
004822,15
004823,5
004824,5
004825,12
004826,3
004827,5
004828,7
004829,2
004830,7
004831,4
004832,11
004833,6
004834,12
004835,8
004836,9
004837,12
004838,16
004839,6
004840,6
004841,10
004842,10
004843,8
004844,1
004845,9
004846,6
004847,4
004848,2
004849,2
004850,9
004851,13
004852,7
004853,2
004854,1
004855,5
004856,7
004857,16
004858,10
004859,10
004860,13
004861,3
004862,10
004863,5
004864,5
004865,3
004866,13
004867,8
004868,5
004869,1
004870,9
004871,13
004872,4
004873,1
004874,11
004875,4
004876,8
004877,6
004878,3
004879,2
004880,5
004881,7
004882,10
004883,5
004884,9
004885,12
004886,2
004887,8
004888,4
004889,4
004890,2
004891,5
004892,6
004893,6
004894,7
004895,3
004896,9
004897,9
004898,6
004899,5
004900,14
004901,2
004902,12
004903,2
004904,5
004905,6
004906,12
004907,2
004908,4
004909,18
004910,8
004911,11
004912,1
004913,5
004914,3
004915,1
004916,13
004917,5
004918,3
004919,10
004920,12
004921,5
004922,7
004923,13
004924,16
004925,4
004926,11
004927,5
004928,15
004929,10
004930,5
004931,3
004932,7
004933,3
004934,17
004935,8
004936,1
004937,5
004938,12
004939,4
004940,1
004941,8
004942,6
004943,14
004944,7
004945,15
004946,9
004947,5
004948,11
004949,3
004950,10
004951,1
004952,6
004953,10
004954,10
004955,9
004956,8
004957,5
004958,5
004959,10
004960,7
004961,6
004962,9
004963,15
004964,11
004965,17
004966,7
004967,1
004968,10
004969,1
004970,4
004971,13
004972,7
004973,1
004974,5
004975,7
004976,2
004977,4
004978,15
004979,6
004980,13
004981,11
004982,6
004983,14
004984,6
004985,16
004986,1
004987,2
004988,4
004989,12
004990,11
004991,2
004992,16
004993,11
004994,3
004995,6
004996,2
004997,5
004998,8
004999,12
005000,8
005001,3
005002,3
005003,2
005004,4
005005,2
005006,5
005007,1
005008,10
005009,3
005010,11
005011,10
005012,14
005013,10
005014,10
005015,4
005016,4
005017,1
005018,6
005019,10
005020,1
005021,3
005022,6
005023,13
005024,10
005025,4
005026,13
005027,18
005028,5
005029,18
005030,1
005031,9
005032,5
005033,7
005034,7
005035,8
005036,7
005037,5
005038,10
005039,6
005040,9
005041,5
005042,5
005043,9
005044,12
005045,7
005046,7
005047,1
005048,3
005049,11
005050,1
005051,6
005052,7
005053,9
005054,10
005055,8
005056,11
005057,12
005058,11
005059,13
005060,5
005061,11
005062,6
005063,8
005064,7
005065,8
005066,3
005067,5
005068,5
005069,10
005070,6
005071,7
005072,10
005073,11
005074,10
005075,12
005076,4
005077,6
005078,5
005079,3
005080,7
005081,2
005082,13
005083,12
005084,11
005085,5
005086,15
005087,10
005088,15
005089,6
005090,9
005091,2
005092,8
005093,5
005094,8
005095,7
005096,12
005097,9
005098,14
005099,8
005100,2
005101,5
005102,13
005103,9
005104,11
005105,4
005106,10
005107,1
005108,6
005109,7
005110,6
005111,13
005112,8
005113,4
005114,6
005115,6
005116,11
005117,5
005118,5
005119,12
005120,6
005121,2
005122,5
005123,6
005124,1
005125,12
005126,15
005127,5
005128,6
005129,5
005130,1
005131,11
005132,6
005133,10
005134,10
005135,8
005136,8
005137,13
005138,10
005139,5
005140,6
005141,5
005142,1
005143,7
005144,6
005145,16
005146,6
005147,5
005148,10
005149,7
005150,6
005151,5
005152,12
005153,7
005154,6
005155,7
005156,8
005157,10
005158,6
005159,7
005160,14
005161,6
005162,17
005163,10
005164,9
005165,10
005166,11
005167,7
005168,8
005169,4
005170,7
005171,17
005172,3
005173,9
005174,14
005175,5
005176,6
005177,6
005178,15
005179,6
005180,8
005181,8
005182,14
005183,3
005184,6
005185,6
005186,13
005187,3
005188,8
005189,10
005190,16
005191,12
005192,6
005193,4
005194,7
005195,4
005196,8
005197,3
005198,13
005199,3
005200,9
005201,9
005202,4
005203,12
005204,1
005205,3
005206,6
005207,4
005208,4
005209,15
005210,7
005211,6
005212,3
005213,10
005214,10
005215,6
005216,13
005217,7
005218,1
005219,2
005220,14
005221,6
005222,6
005223,2
005224,4
005225,1
005226,18
005227,3
005228,7
005229,11
005230,2
005231,1
005232,7
005233,4
005234,7
005235,7
005236,7
005237,7
005238,5
005239,10
005240,6
005241,12
005242,5
005243,3
005244,7
005245,18
005246,7
005247,9
005248,7
005249,6
005250,10
005251,14
005252,2
005253,12
005254,2
005255,9
005256,5
005257,4
005258,7
005259,7
005260,10
005261,9
005262,5
005263,4
005264,6
005265,5
005266,9
005267,3
005268,5
005269,9
005270,4
005271,5
005272,5
005273,7
005274,11
005275,8
005276,8
005277,3
005278,9
005279,4
005280,16
005281,8
005282,7
005283,4
005284,4
005285,4
005286,12
005287,10
005288,8
005289,8
005290,3
005291,9
005292,1
005293,3
005294,10
005295,6
005296,2
005297,5
005298,6
005299,6
005300,7
005301,1
005302,1
005303,4
005304,1
005305,2
005306,8
005307,1
005308,11
005309,5
005310,4
005311,17
005312,7
005313,7
005314,13
005315,5
005316,12
005317,1
005318,10
005319,8
005320,14
005321,11
005322,6
005323,3
005324,1
005325,4
005326,9
005327,8
005328,4
005329,1
005330,8
005331,1
005332,10
005333,8
005334,4
005335,5
005336,8
005337,4
005338,4
005339,5
005340,9
005341,2
005342,6
005343,5
005344,2
005345,5
005346,5
005347,5
005348,10
005349,3
005350,7
005351,3
005352,15
005353,3
005354,10
005355,4
005356,18
005357,6
005358,3
005359,5
005360,9
005361,5
005362,9
005363,5
005364,4
005365,5
005366,13
005367,11
005368,3
005369,4
005370,4
005371,10
005372,2
005373,5
005374,5
005375,5
005376,4
005377,4
005378,4
005379,9
005380,10
005381,12
005382,11
005383,16
005384,7
005385,4
005386,16
005387,4
005388,4
005389,5
005390,4
005391,14
005392,10
005393,2
005394,6
005395,7
005396,4
005397,6
005398,9
005399,7
005400,5
005401,6
005402,1
005403,16
005404,5
005405,6
005406,6
005407,8
005408,11
005409,6
005410,11
005411,9
005412,6
005413,6
005414,11
005415,6
005416,5
005417,7
005418,11
005419,12
005420,5
005421,3
005422,1
005423,6
005424,1
005425,5
005426,16
005427,13
005428,8
005429,1
005430,10
005431,13
005432,4
005433,10
005434,6
005435,5
005436,13
005437,5
005438,11
005439,1
005440,3
005441,2
005442,5
005443,12
005444,4
005445,1
005446,2
005447,3
005448,8
005449,10
005450,3
005451,5
005452,4
005453,9
005454,7
005455,6
005456,2
005457,6
005458,4
005459,5
005460,4
005461,10
005462,5
005463,2
005464,5
005465,10
005466,8
005467,9
005468,6
005469,9
005470,3
005471,6
005472,12
005473,10
005474,3
005475,3
005476,12
005477,2
005478,4
005479,8
005480,9
005481,11
005482,8
005483,5
005484,7
005485,3
005486,8
005487,11
005488,14
005489,5
005490,3
005491,1
005492,9
005493,3
005494,4
005495,9
005496,10
005497,3
005498,11
005499,10
005500,6
005501,6
005502,2
005503,7
005504,5
005505,14
005506,7
005507,7
005508,8
005509,4
005510,14
005511,9
005512,8
005513,3
005514,8
005515,6
005516,15
005517,7
005518,4
005519,5
005520,4
005521,5
005522,1
005523,10
005524,11
005525,4
005526,1
005527,8
005528,11
005529,3
005530,15
005531,4
005532,16
005533,7
005534,9
005535,3
005536,9
005537,13
005538,4
005539,9
005540,3
005541,11
005542,11
005543,4
005544,10
005545,7
005546,18
005547,4
005548,4
005549,2
005550,1
005551,3
005552,15
005553,10
005554,5
005555,5
005556,9
005557,9
005558,7
005559,1
005560,10
005561,8
005562,4
005563,2
005564,8
005565,4
005566,4
005567,1
005568,18
005569,6
005570,9
005571,10
005572,9
005573,10
005574,5
005575,10
005576,5
005577,4
005578,13
005579,10
005580,12
005581,7
005582,4
005583,7
005584,3
005585,6
005586,5
005587,5
005588,11
005589,9
005590,3
005591,11
005592,6
005593,2
005594,9
005595,13
005596,4
005597,1
005598,15
005599,6
005600,5
005601,3
005602,9
005603,3
005604,14
005605,6
005606,8
005607,3
005608,15
005609,12
005610,8
005611,3
005612,6
005613,7
005614,2
005615,7
005616,5
005617,12
005618,8
005619,5
005620,7
005621,8
005622,13
005623,9
005624,5
005625,18
005626,6
005627,8
005628,13
005629,4
005630,10
005631,9
005632,11
005633,10
005634,10
005635,7
005636,6
005637,1
005638,6
005639,11
005640,5
005641,3
005642,7
005643,5
005644,2
005645,7
005646,5
005647,1
005648,13
005649,7
005650,6
005651,3
005652,9
005653,6
005654,12
005655,1
005656,6
005657,2
005658,4
005659,6
005660,9
005661,15
005662,2
005663,22
005664,9
005665,12
005666,11
005667,8
005668,9
005669,7
005670,8
005671,6
005672,6
005673,3
005674,16
005675,9
005676,3
005677,9
005678,2
005679,5
005680,9
005681,2
005682,15
005683,1
005684,6
005685,8
005686,1
005687,8
005688,6
005689,5
005690,3
005691,14
005692,16
005693,8
005694,4
005695,13
005696,12
005697,4
005698,5
005699,3
005700,12
005701,3
005702,2
005703,4
005704,5
005705,9
005706,7
005707,7
005708,4
005709,5
005710,3
005711,1
005712,7
005713,5
005714,11
005715,7
005716,4
005717,14
005718,10
005719,9
005720,7
005721,10
005722,6
005723,4
005724,1
005725,7
005726,1
005727,5
005728,11
005729,14
005730,9
005731,1
005732,12
005733,3
005734,5
005735,1
005736,4
005737,8
005738,5
005739,6
005740,1
005741,6
005742,3
005743,10
005744,1
005745,2
005746,1
005747,2
005748,15
005749,2
005750,6
005751,12
005752,5
005753,1
005754,12
005755,5
005756,1
005757,13
005758,6
005759,6
005760,1
005761,13
005762,16
005763,5
005764,15
005765,5
005766,10
005767,2
005768,2
005769,7
005770,6
005771,12
005772,5
005773,13
005774,8
005775,3
005776,6
005777,10
005778,6
005779,1
005780,9
005781,6
005782,5
005783,2
005784,6
005785,7
005786,5
005787,6
005788,6
005789,3
005790,5
005791,11
005792,4
005793,5
005794,4
005795,9
005796,5
005797,9
005798,6
005799,2
005800,10
005801,1
005802,9
005803,16
005804,2
005805,2
005806,1
005807,7
005808,2
005809,2
005810,6
005811,8
005812,9
005813,9
005814,7
005815,5
005816,1
005817,1
005818,3
005819,6
005820,6
005821,3
005822,9
005823,3
005824,7
005825,8
005826,2
005827,7
005828,2
005829,6
005830,7
005831,11
005832,7
005833,7
005834,11
005835,1
005836,5
005837,8
005838,11
005839,7
005840,10
005841,4
005842,7
005843,12
005844,9
005845,3
005846,10
005847,5
005848,10
005849,9
005850,5
005851,2
005852,5
005853,15
005854,4
005855,10
005856,6
005857,4
005858,15
005859,5
005860,9
005861,5
005862,5
005863,4
005864,11
005865,4
005866,18
005867,4
005868,11
005869,3
005870,5
005871,6
005872,8
005873,6
005874,4
005875,2
005876,6
005877,6
005878,10
005879,4
005880,7
005881,11
005882,5
005883,2
005884,5
005885,8
005886,9
005887,2
005888,1
005889,6
005890,8
005891,10
005892,11
005893,7
005894,2
005895,3
005896,2
005897,4
005898,4
005899,2
005900,12
005901,13
005902,6
005903,12
005904,4
005905,9
005906,3
005907,2
005908,8
005909,11
005910,10
005911,6
005912,4
005913,6
005914,8
005915,14
005916,4
005917,11
005918,11
005919,10
005920,8
005921,6
005922,7
005923,7
005924,1
005925,3
005926,8
005927,16
005928,8
005929,16
005930,1
005931,1
005932,8
005933,4
005934,5
005935,13
005936,12
005937,1
005938,5
005939,5
005940,15
005941,2
005942,4
005943,4
005944,6
005945,7
005946,17
005947,5
005948,19
005949,12
005950,10
005951,3
005952,9
005953,4
005954,1
005955,6
005956,2
005957,10
005958,1
005959,10
005960,7
005961,1
005962,6
005963,8
005964,7
005965,9
005966,2
005967,9
005968,5
005969,2
005970,12
005971,6
005972,4
005973,7
005974,3
005975,7
005976,4
005977,5
005978,1
005979,5
005980,6
005981,9
005982,11
005983,16
005984,12
005985,12
005986,7
005987,6
005988,19
005989,4
005990,2
005991,8
005992,5
005993,1
005994,5
005995,2
005996,12
005997,7
005998,5
005999,8
006000,5
006001,4
006002,6
006003,14
006004,6
006005,11
006006,13
006007,15
006008,8
006009,5
006010,4
006011,12
006012,5
006013,5
006014,5
006015,5
006016,11
006017,2
006018,8
006019,3
006020,5
006021,4
006022,3
006023,4
006024,6
006025,8
006026,10
006027,9
006028,2
006029,1
006030,5
006031,7
006032,3
006033,11
006034,18
006035,1
006036,6
006037,6
006038,6
006039,9
006040,6
006041,7
006042,5
006043,3
006044,5
006045,8
006046,12
006047,11
006048,8
006049,6
006050,9
006051,7
006052,11
006053,1
006054,9
006055,13
006056,4
006057,2
006058,5
006059,6
006060,12
006061,2
006062,4
006063,10
006064,16
006065,7
006066,10
006067,7
006068,6
006069,7
006070,11
006071,6
006072,6
006073,9
006074,6
006075,5
006076,2
006077,12
006078,14
006079,6
006080,5
006081,7
006082,11
006083,6
006084,15
006085,2
006086,2
006087,6
006088,10
006089,1
006090,9
006091,3
006092,8
006093,5
006094,3
006095,5
006096,4
006097,10
006098,6
006099,3
006100,5
006101,2
006102,6
006103,7
006104,1
006105,2
006106,10
006107,2
006108,8
006109,9
006110,10
006111,6
006112,7
006113,9
006114,7
006115,4
006116,9
006117,9
006118,8
006119,5
006120,2
006121,19
006122,9
006123,7
006124,3
006125,5
006126,6
006127,15
006128,3
006129,9
006130,11
006131,4
006132,5
006133,5
006134,6
006135,7
006136,8
006137,9
006138,6
006139,21
006140,3
006141,9
006142,2
006143,15
006144,5
006145,14
006146,6
006147,8
006148,8
006149,9
006150,10
006151,1
006152,1
006153,9
006154,6
006155,8
006156,14
006157,17
006158,1
006159,6
006160,8
006161,10
006162,7
006163,20
006164,1
006165,6
006166,7
006167,6
006168,4
006169,9
006170,3
006171,2
006172,11
006173,8
006174,6
006175,8
006176,11
006177,6
006178,2
006179,12
006180,16
006181,4
006182,4
006183,2
006184,3
006185,3
006186,8
006187,12
006188,5
006189,17
006190,10
006191,12
006192,12
006193,2
006194,1
006195,7
006196,6
006197,6
006198,11
006199,12
006200,6
006201,1
006202,13
006203,4
006204,2
006205,7
006206,2
006207,1
006208,12
006209,2
006210,8
006211,15
006212,2
006213,17
006214,3
006215,1
006216,3
006217,2
006218,3
006219,6
006220,5
006221,7
006222,1
006223,1
006224,15
006225,7
006226,4
006227,2
006228,1
006229,10
006230,3
006231,6
006232,7
006233,6
006234,3
006235,3
006236,15
006237,8
006238,10
006239,1
006240,1
006241,5
006242,6
006243,3
006244,1
006245,8
006246,5
006247,5
006248,7
006249,9
006250,5
006251,14
006252,2
006253,6
006254,7
006255,7
006256,12
006257,6
006258,1
006259,5
006260,14
006261,7
006262,9
006263,11
006264,5
006265,5
006266,6
006267,7
006268,10
006269,6
006270,2
006271,9
006272,13
006273,8
006274,3
006275,6
006276,13
006277,8
006278,7
006279,2
006280,5
006281,15
006282,5
006283,3
006284,10
006285,11
006286,8
006287,4
006288,5
006289,2
006290,6
006291,16
006292,1
006293,9
006294,1
006295,14
006296,7
006297,6
006298,9
006299,1
006300,16
006301,9
006302,4
006303,12
006304,4
006305,6
006306,12
006307,9
006308,1
006309,2
006310,8
006311,1
006312,9
006313,6
006314,13
006315,5
006316,1
006317,4
006318,7
006319,4
006320,9
006321,2
006322,10
006323,6
006324,8
006325,5
006326,6
006327,2
006328,11
006329,5
006330,8
006331,4
006332,4
006333,8
006334,10
006335,6
006336,13
006337,1
006338,10
006339,3
006340,5
006341,9
006342,13
006343,4
006344,11
006345,13
006346,7
006347,2
006348,3
006349,2
006350,4
006351,2
006352,5
006353,2
006354,1
006355,5
006356,10
006357,2
006358,7
006359,2
006360,5
006361,11
006362,9
006363,7
006364,8
006365,15
006366,11
006367,6
006368,10
006369,7
006370,7
006371,8
006372,8
006373,5
006374,4
006375,2
006376,16
006377,5
006378,9
006379,15
006380,7
006381,6
006382,4
006383,2
006384,2
006385,5
006386,6
006387,6
006388,7
006389,14
006390,16
006391,7
006392,2
006393,1
006394,8
006395,10
006396,16
006397,7
006398,4
006399,15
006400,9
006401,15
006402,5
006403,8
006404,11
006405,5
006406,3
006407,11
006408,8
006409,4
006410,9
006411,1
006412,7
006413,6
006414,6
006415,6
006416,13
006417,10
006418,8
006419,5
006420,6
006421,8
006422,20
006423,9
006424,13
006425,4
006426,15
006427,11
006428,6
006429,11
006430,5
006431,16
006432,9
006433,8
006434,1
006435,2
006436,5
006437,4
006438,9
006439,7
006440,3
006441,5
006442,7
006443,7
006444,12
006445,9
006446,5
006447,6
006448,9
006449,10
006450,8
006451,1
006452,4
006453,10
006454,6
006455,2
006456,1
006457,7
006458,1
006459,5
006460,6
006461,8
006462,5
006463,8
006464,6
006465,5
006466,3
006467,9
006468,10
006469,7
006470,6
006471,1
006472,1
006473,7
006474,16
006475,13
006476,4
006477,8
006478,8
006479,7
006480,1
006481,5
006482,6
006483,6
006484,5
006485,2
006486,2
006487,4
006488,11
006489,13
006490,8
006491,6
006492,7
006493,8
006494,10
006495,7
006496,10
006497,11
006498,8
006499,2
006500,8
006501,5
006502,1
006503,6
006504,4
006505,5
006506,6
006507,6
006508,7
006509,4
006510,2
006511,10
006512,5
006513,8
006514,5
006515,5
006516,4
006517,6
006518,3
006519,12
006520,10
006521,1
006522,7
006523,14
006524,4
006525,8
006526,8
006527,13
006528,14
006529,6
006530,7
006531,7
006532,10
006533,6
006534,5
006535,11
006536,9
006537,4
006538,10
006539,9
006540,4
006541,3
006542,7
006543,8
006544,5
006545,5
006546,3
006547,5
006548,6
006549,16
006550,3
006551,6
006552,4
006553,4
006554,3
006555,3
006556,4
006557,8
006558,2
006559,15
006560,6
006561,7
006562,16
006563,4
006564,12
006565,5
006566,2
006567,8
006568,11
006569,8
006570,7
006571,7
006572,3
006573,1
006574,3
006575,1
006576,5
006577,4
006578,11
006579,1
006580,1
006581,4
006582,2
006583,20
006584,1
006585,1
006586,5
006587,9
006588,8
006589,20
006590,6
006591,3
006592,2
006593,6
006594,12
006595,14
006596,3
006597,11
006598,14
006599,5
006600,4
006601,4
006602,13
006603,4
006604,5
006605,9
006606,2
006607,2
006608,18
006609,1
006610,4
006611,9
006612,12
006613,9
006614,6
006615,2
006616,7
006617,7
006618,5
006619,6
006620,7
006621,7
006622,12
006623,9
006624,9
006625,14
006626,3
006627,8
006628,8
006629,9
006630,10
006631,6
006632,9
006633,6
006634,5
006635,8
006636,5
006637,11
006638,10
006639,15
006640,8
006641,1
006642,10
006643,6
006644,5
006645,6
006646,4
006647,7
006648,17
006649,10
006650,5
006651,6
006652,1
006653,1
006654,2
006655,13
006656,1
006657,5
006658,6
006659,8
006660,14
006661,1
006662,12
006663,10
006664,6
006665,7
006666,1
006667,7
006668,2
006669,6
006670,7
006671,3
006672,9
006673,10
006674,3
006675,3
006676,1
006677,3
006678,12
006679,9
006680,4
006681,3
006682,16
006683,2
006684,8
006685,1
006686,4
006687,5
006688,5
006689,7
006690,6
006691,1
006692,10
006693,5
006694,8
006695,12
006696,5
006697,2
006698,5
006699,6
006700,5
006701,3
006702,3
006703,10
006704,10
006705,3
006706,2
006707,9
006708,3
006709,1
006710,9
006711,4
006712,4
006713,5
006714,6
006715,7
006716,3
006717,5
006718,9
006719,3
006720,5
006721,14
006722,1
006723,5
006724,5
006725,9
006726,8
006727,3
006728,10
006729,4
006730,2
006731,9
006732,1
006733,17
006734,9
006735,5
006736,7
006737,5
006738,6
006739,2
006740,3
006741,5
006742,4
006743,6
006744,6
006745,6
006746,8
006747,4
006748,2
006749,12
006750,4
006751,8
006752,11
006753,9
006754,10
006755,8
006756,8
006757,7
006758,5
006759,4
006760,4
006761,10
006762,5
006763,2
006764,8
006765,12
006766,11
006767,4
006768,12
006769,11
006770,11
006771,6
006772,8
006773,4
006774,3
006775,10
006776,2
006777,6
006778,6
006779,11
006780,14
006781,8
006782,7
006783,17
006784,2
006785,8
006786,5
006787,7
006788,11
006789,10
006790,1
006791,11
006792,4
006793,6
006794,4
006795,1
006796,5
006797,2
006798,11
006799,1
006800,10
006801,18
006802,3
006803,4
006804,1
006805,11
006806,5
006807,1
006808,6
006809,2
006810,9
006811,6
006812,4
006813,15
006814,11
006815,3
006816,2
006817,8
006818,5
006819,2
006820,11
006821,2
006822,8
006823,4
006824,6
006825,7
006826,6
006827,3
006828,10
006829,5
006830,1
006831,8
006832,9
006833,21
006834,8
006835,7
006836,6
006837,6
006838,7
006839,2
006840,6
006841,5
006842,13
006843,10
006844,12
006845,12
006846,7
006847,8
006848,5
006849,6
006850,2
006851,4
006852,3
006853,9
006854,6
006855,4
006856,6
006857,8
006858,5
006859,11
006860,3
006861,1
006862,10
006863,8
006864,13
006865,1
006866,8
006867,9
006868,8
006869,4
006870,11
006871,9
006872,9
006873,1
006874,4
006875,2
006876,8
006877,7
006878,8
006879,10
006880,2
006881,6
006882,6
006883,5
006884,5
006885,9
006886,12
006887,6
006888,6
006889,9
006890,2
006891,5
006892,1
006893,5
006894,13
006895,7
006896,4
006897,11
006898,1
006899,5
006900,3
006901,2
006902,12
006903,1
006904,12
006905,2
006906,4
006907,7
006908,10
006909,6
006910,11
006911,11
006912,6
006913,7
006914,4
006915,3
006916,4
006917,7
006918,3
006919,9
006920,8
006921,3
006922,12
006923,6
006924,3
006925,11
006926,17
006927,10
006928,9
006929,12
006930,2
006931,1
006932,17
006933,4
006934,2
006935,3
006936,8
006937,13
006938,3
006939,6
006940,3
006941,1
006942,15
006943,8
006944,10
006945,7
006946,7
006947,3
006948,15
006949,3
006950,12
006951,1
006952,15
006953,11
006954,8
006955,1
006956,8
006957,9
006958,12
006959,5
006960,13
006961,8
006962,6
006963,7
006964,6
006965,2
006966,3
006967,10
006968,9
006969,7
006970,8
006971,9
006972,5
006973,8
006974,3
006975,7
006976,4
006977,2
006978,7
006979,8
006980,16
006981,2
006982,7
006983,9
006984,8
006985,9
006986,3
006987,8
006988,2
006989,7
006990,7
006991,7
006992,14
006993,8
006994,5
006995,7
006996,5
006997,9
006998,6
006999,4
007000,11
007001,6
007002,3
007003,10
007004,7
007005,9
007006,5
007007,9
007008,4
007009,2
007010,5
007011,11
007012,8
007013,14
007014,14
007015,13
007016,11
007017,1
007018,9
007019,11
007020,8
007021,10
007022,7
007023,1
007024,2
007025,3
007026,12
007027,7
007028,7
007029,7
007030,3
007031,12
007032,7
007033,8
007034,5
007035,11
007036,1
007037,3
007038,4
007039,10
007040,1
007041,8
007042,10
007043,8
007044,5
007045,11
007046,15
007047,11
007048,3
007049,4
007050,9
007051,10
007052,10
007053,8
007054,4
007055,5
007056,10
007057,4
007058,5
007059,6
007060,6
007061,7
007062,4
007063,5
007064,8
007065,6
007066,11
007067,11
007068,4
007069,10
007070,9
007071,13
007072,2
007073,1
007074,2
007075,1
007076,3
007077,2
007078,4
007079,3
007080,2
007081,10
007082,1
007083,3
007084,1
007085,5
007086,1
007087,10
007088,6
007089,4
007090,4
007091,7
007092,5
007093,6
007094,8
007095,6
007096,7
007097,5
007098,6
007099,16
007100,6
007101,17
007102,15
007103,5
007104,6
007105,4
007106,4
007107,12
007108,6
007109,15
007110,1
007111,2
007112,1
007113,2
007114,12
007115,2
007116,6
007117,8
007118,4
007119,6
007120,6
007121,11
007122,7
007123,8
007124,7
007125,4
007126,1
007127,2
007128,8
007129,10
007130,5
007131,10
007132,11
007133,3
007134,7
007135,7
007136,10
007137,11
007138,8
007139,6
007140,5
007141,3
007142,8
007143,5
007144,4
007145,8
007146,4
007147,4
007148,5
007149,9
007150,1
007151,11
007152,5
007153,8
007154,1
007155,1
007156,13
007157,5
007158,2
007159,2
007160,8
007161,7
007162,9
007163,11
007164,4
007165,6
007166,10
007167,7
007168,6
007169,9
007170,4
007171,12
007172,5
007173,2
007174,13
007175,1
007176,5
007177,9
007178,9
007179,6
007180,4
007181,2
007182,11
007183,9
007184,4
007185,12
007186,4
007187,1
007188,1
007189,7
007190,2
007191,4
007192,11
007193,5
007194,5
007195,12
007196,8
007197,5
007198,5
007199,6
007200,11
007201,9
007202,15
007203,10
007204,8
007205,5
007206,7
007207,4
007208,11
007209,13
007210,12
007211,6
007212,2
007213,5
007214,5
007215,3
007216,7
007217,3
007218,11
007219,6
007220,1
007221,5
007222,10
007223,1
007224,3
007225,7
007226,7
007227,3
007228,14
007229,5
007230,6
007231,1
007232,6
007233,12
007234,5
007235,6
007236,8
007237,1
007238,5
007239,7
007240,7
007241,5
007242,12
007243,13
007244,6
007245,3
007246,5
007247,8
007248,14
007249,7
007250,6
007251,1
007252,5
007253,2
007254,3
007255,9
007256,13
007257,2
007258,4
007259,8
007260,12
007261,5
007262,5
007263,16
007264,6
007265,8
007266,10
007267,4
007268,7
007269,1
007270,2
007271,3
007272,1
007273,10
007274,3
007275,1
007276,4
007277,9
007278,1
007279,3
007280,8
007281,7
007282,2
007283,9
007284,7
007285,2
007286,10
007287,9
007288,1
007289,18
007290,6
007291,5
007292,6
007293,2
007294,8
007295,3
007296,11
007297,4
007298,4
007299,8
007300,5
007301,14
007302,4
007303,4
007304,2
007305,2
007306,6
007307,1
007308,1
007309,10
007310,1
007311,6
007312,5
007313,15
007314,14
007315,15
007316,8
007317,7
007318,10
007319,10
007320,1
007321,3
007322,1
007323,10
007324,9
007325,11
007326,5
007327,1
007328,4
007329,9
007330,6
007331,6
007332,1
007333,10
007334,8
007335,2
007336,3
007337,7
007338,2
007339,10
007340,4
007341,8
007342,11
007343,4
007344,1
007345,3
007346,5
007347,9
007348,2
007349,7
007350,11
007351,1
007352,6
007353,10
007354,3
007355,8
007356,7
007357,7
007358,3
007359,6
007360,12
007361,10
007362,2
007363,7
007364,8
007365,8
007366,11
007367,1
007368,7
007369,6
007370,2
007371,5
007372,1
007373,2
007374,4
007375,6
007376,6
007377,4
007378,5
007379,6
007380,3
007381,3
007382,7
007383,9
007384,6
007385,5
007386,9
007387,1
007388,15
007389,6
007390,4
007391,6
007392,10
007393,15
007394,15
007395,3
007396,9
007397,3
007398,9
007399,2
007400,15
007401,9
007402,10
007403,7
007404,12
007405,5
007406,9
007407,7
007408,1
007409,1
007410,10
007411,6
007412,10
007413,2
007414,13
007415,8
007416,3
007417,1
007418,3
007419,4
007420,19
007421,14
007422,14
007423,6
007424,12
007425,5
007426,6
007427,1
007428,5
007429,7
007430,10
007431,1
007432,3
007433,7
007434,4
007435,9
007436,1
007437,6
007438,2
007439,4
007440,11
007441,2
007442,8
007443,4
007444,5
007445,9
007446,3
007447,5
007448,1
007449,3
007450,2
007451,10
007452,8
007453,7
007454,6
007455,1
007456,6
007457,8
007458,21
007459,6
007460,2
007461,1
007462,10
007463,8
007464,6
007465,8
007466,6
007467,5
007468,6
007469,7
007470,10
007471,1
007472,2
007473,5
007474,7
007475,8
007476,5
007477,1
007478,5
007479,8
007480,16
